[
  {
    "timestamp": "2026-02-07T08:15:23Z",
    "event_type": "login_failed",
    "username": "admin",
    "source_ip": "192.168.1.100",
    "service": "ssh",
    "port": 22
  },
  {
    "timestamp": "2026-02-07T08:15:25Z",
    "event_type": "login_failed",
    "username": "admin",
    "source_ip": "192.168.1.100",
    "service": "ssh",
    "port": 22
  },
  {
    "timestamp": "2026-02-07T08:15:27Z",
    "event_type": "login_failed",
    "username": "root",
    "source_ip": "192.168.1.100",
    "service": "ssh",
    "port": 22
  },
  {
    "timestamp": "2026-02-07T08:15:29Z",
    "event_type": "login_failed",
    "username": "admin",
    "source_ip": "192.168.1.100",
    "service": "ssh",
    "port": 22
  },
  {
    "timestamp": "2026-02-07T08:15:31Z",
    "event_type": "login_failed",
    "username": "administrator",
    "source_ip": "192.168.1.100",
    "service": "ssh",
    "port": 22
  },
  {
    "timestamp": "2026-02-07T08:15:33Z",
    "event_type": "login_failed",
    "username": "admin",
    "source_ip": "192.168.1.100",
    "service": "ssh",
    "port": 22
  },
  {
    "timestamp": "2026-02-07T08:15:35Z",
    "event_type": "login_failed",
    "username": "root",
    "source_ip": "192.168.1.100",
    "service": "ssh",
    "port": 22
  },
  {
    "timestamp": "2026-02-07T08:15:37Z",
    "event_type": "login_failed",
    "username": "admin",
    "source_ip": "192.168.1.100",
    "service": "ssh",
    "port": 22
  },
  {
    "timestamp": "2026-02-07T08:16:12Z",
    "event_type": "login_success",
    "username": "john.doe",
    "source_ip": "10.0.1.50",
    "service": "ssh",
    "port": 22
  },
  {
    "timestamp": "2026-02-07T08:17:45Z",
    "event_type": "login_success",
    "username": "jane.smith",
    "source_ip": "10.0.1.51",
    "service": "ssh",
    "port": 22
  },
  {
    "timestamp": "2026-02-07T08:18:23Z",
    "event_type": "login_failed",
    "username": "postgres",
    "source_ip": "192.168.1.101",
    "service": "ssh",
    "port": 22
  },
  {
    "timestamp": "2026-02-07T08:18:25Z",
    "event_type": "login_failed",
    "username": "postgres",
    "source_ip": "192.168.1.101",
    "service": "ssh",
    "port": 22
  },
  {
    "timestamp": "2026-02-07T08:18:27Z",
    "event_type": "login_failed",
    "username": "postgres",
    "source_ip": "192.168.1.101",
    "service": "ssh",
    "port": 22
  },
  {
    "timestamp": "2026-02-07T08:18:29Z",
    "event_type": "login_failed",
    "username": "postgres",
    "source_ip": "192.168.1.101",
    "service": "ssh",
    "port": 22
  },
  {
    "timestamp": "2026-02-07T08:18:31Z",
    "event_type": "login_failed",
    "username": "postgres",
    "source_ip": "192.168.1.101",
    "service": "ssh",
    "port": 22
  },
  {
    "timestamp": "2026-02-07T08:18:33Z",
    "event_type": "login_failed",
    "username": "postgres",
    "source_ip": "192.168.1.101",
    "service": "ssh",
    "port": 22
  },
  {
    "timestamp": "2026-02-07T08:19:15Z",
    "event_type": "login_success",
    "username": "bob.wilson",
    "source_ip": "10.0.1.52",
    "service": "ssh",
    "port": 22
  },
  {
    "timestamp": "2026-02-07T08:20:45Z",
    "event_type": "login_failed",
    "username": "test",
    "source_ip": "192.168.1.100",
    "service": "ssh",
    "port": 22
  },
  {
    "timestamp": "2026-02-07T08:20:47Z",
    "event_type": "login_failed",
    "username": "guest",
    "source_ip": "192.168.1.100",
    "service": "ssh",
    "port": 22
  },
  {
    "timestamp": "2026-02-07T08:20:49Z",
    "event_type": "login_failed",
    "username": "user",
    "source_ip": "192.168.1.100",
    "service": "ssh",
    "port": 22
  },
  {
    "timestamp": "2026-02-07T08:22:15Z",
    "event_type": "login_failed",
    "username": "admin",
    "source_ip": "192.168.1.102",
    "service": "ssh",
    "port": 22
  },
  {
    "timestamp": "2026-02-07T08:22:17Z",
    "event_type": "login_failed",
    "username": "admin",
    "source_ip": "192.168.1.102",
    "service": "ssh",
    "port": 22
  },
  {
    "timestamp": "2026-02-07T08:22:19Z",
    "event_type": "login_failed",
    "username": "admin",
    "source_ip": "192.168.1.102",
    "service": "ssh",
    "port": 22
  },
  {
    "timestamp": "2026-02-07T08:22:21Z",
    "event_type": "login_failed",
    "username": "admin",
    "source_ip": "192.168.1.102",
    "service": "ssh",
    "port": 22
  },
  {
    "timestamp": "2026-02-07T08:22:23Z",
    "event_type": "login_failed",
    "username": "admin",
    "source_ip": "192.168.1.102",
    "service": "ssh",
    "port": 22
  }
]
