[
  {
    "timestamp": "2024-02-08T10:15:22Z",
    "level": "INFO",
    "event_type": "user_login",
    "user": "emily.chen",
    "source_ip": "192.168.1.75",
    "status": "success",
    "message": "User logged in successfully"
  },
  {
    "timestamp": "2024-02-08T10:45:30Z",
    "level": "WARNING",
    "event_type": "failed_login",
    "user": "admin",
    "source_ip": "203.0.113.89",
    "status": "failed",
    "message": "Invalid credentials provided",
    "attempt_number": 1
  },
  {
    "timestamp": "2024-02-08T10:45:37Z",
    "level": "WARNING",
    "event_type": "failed_login",
    "user": "administrator",
    "source_ip": "203.0.113.89",
    "status": "failed",
    "message": "Invalid credentials provided",
    "attempt_number": 2
  },
  {
    "timestamp": "2024-02-08T10:45:44Z",
    "level": "WARNING",
    "event_type": "failed_login",
    "user": "root",
    "source_ip": "203.0.113.89",
    "status": "failed",
    "message": "Invalid credentials provided",
    "attempt_number": 3
  },
  {
    "timestamp": "2024-02-08T10:45:51Z",
    "level": "WARNING",
    "event_type": "failed_login",
    "user": "sysadmin",
    "source_ip": "203.0.113.89",
    "status": "failed",
    "message": "Invalid credentials provided",
    "attempt_number": 4
  },
  {
    "timestamp": "2024-02-08T10:45:58Z",
    "level": "WARNING",
    "event_type": "xss_attempt",
    "source_ip": "203.0.113.89",
    "request_uri": "/search?q=<script>alert('XSS')</script>",
    "status": "blocked",
    "message": "XSS payload detected and blocked by WAF"
  },
  {
    "timestamp": "2024-02-08T10:46:05Z",
    "level": "WARNING",
    "event_type": "xss_attempt",
    "source_ip": "203.0.113.89",
    "request_uri": "/comment?text=<img src=x onerror=alert(1)>",
    "status": "blocked",
    "message": "XSS payload detected and blocked by WAF"
  },
  {
    "timestamp": "2024-02-08T10:46:12Z",
    "level": "ERROR",
    "event_type": "sql_injection",
    "source_ip": "203.0.113.89",
    "request_uri": "/products?id=1' UNION SELECT password FROM users--",
    "status": "blocked",
    "message": "SQL injection attempt detected",
    "attack_vector": "UNION-based SQLi"
  },
  {
    "timestamp": "2024-02-08T10:46:19Z",
    "level": "CRITICAL",
    "event_type": "multiple_attack_vectors",
    "source_ip": "203.0.113.89",
    "message": "Multiple attack types detected from same source",
    "attack_types": ["brute_force", "xss", "sql_injection"],
    "total_attempts": 7
  },
  {
    "timestamp": "2024-02-08T10:46:25Z",
    "level": "INFO",
    "event_type": "ip_banned",
    "source_ip": "203.0.113.89",
    "ban_duration": "24h",
    "reason": "Multiple attack attempts",
    "message": "IP automatically banned"
  },
  {
    "timestamp": "2024-02-08T10:47:00Z",
    "level": "CRITICAL",
    "event_type": "security_alert",
    "threat_type": "Web Application Attack",
    "severity": "high",
    "affected_systems": ["web-server-01"],
    "message": "Web application under attack - multiple vectors detected",
    "iocs": {
      "ip_addresses": ["203.0.113.89"],
      "attack_signatures": ["xss", "sqli", "brute_force"]
    }
  },
  {
    "timestamp": "2024-02-08T10:47:30Z",
    "level": "INFO",
    "event_type": "incident_response",
    "action": "alert_security_team",
    "message": "Security team notified of ongoing attack",
    "notification_method": "email_and_sms"
  },
  {
    "timestamp": "2024-02-08T10:50:00Z",
    "level": "INFO",
    "event_type": "waf_rules_updated",
    "message": "WAF rules updated to block similar attack patterns",
    "rules_added": 3
  },
  {
    "timestamp": "2024-02-08T11:00:00Z",
    "level": "INFO",
    "event_type": "security_status",
    "message": "All attack attempts successfully blocked - Systems secure",
    "blocked_attempts": 12
  }
]
